{
  "accuracy": 0.9796875,
  "f1_weighted": 0.9796756559574792,
  "recall_weighted": 0.9796875,
  "precision_weighted": 0.9797578442885906,
  "per_class_recall": {
    "axial_displacement": 1.0,
    "core_grounding": 0.975,
    "healthy": 1.0,
    "loose_clamping": 0.85,
    "moisture_ingress": 0.875,
    "radial_deformation": 1.0,
    "winding_short_circuit": 0.975
  },
  "per_class_fpr": {
    "axial_displacement": 0.0,
    "core_grounding": 0.0,
    "healthy": 0.004166666666666667,
    "loose_clamping": 0.008333333333333333,
    "moisture_ingress": 0.01,
    "radial_deformation": 0.0016666666666666668,
    "winding_short_circuit": 0.0
  },
  "confusion_matrix": [
    [
      40,
      0,
      0,
      0,
      0,
      0,
      0
    ],
    [
      0,
      39,
      0,
      0,
      0,
      1,
      0
    ],
    [
      0,
      0,
      400,
      0,
      0,
      0,
      0
    ],
    [
      0,
      0,
      0,
      34,
      6,
      0,
      0
    ],
    [
      0,
      0,
      0,
      5,
      35,
      0,
      0
    ],
    [
      0,
      0,
      0,
      0,
      0,
      40,
      0
    ],
    [
      0,
      0,
      1,
      0,
      0,
      0,
      39
    ]
  ],
  "classification_report": {
    "axial_displacement": {
      "precision": 1.0,
      "recall": 1.0,
      "f1-score": 1.0,
      "support": 40.0
    },
    "core_grounding": {
      "precision": 1.0,
      "recall": 0.975,
      "f1-score": 0.9873417721518988,
      "support": 40.0
    },
    "healthy": {
      "precision": 0.9975062344139651,
      "recall": 1.0,
      "f1-score": 0.9987515605493134,
      "support": 400.0
    },
    "loose_clamping": {
      "precision": 0.8717948717948718,
      "recall": 0.85,
      "f1-score": 0.8607594936708861,
      "support": 40.0
    },
    "moisture_ingress": {
      "precision": 0.8536585365853658,
      "recall": 0.875,
      "f1-score": 0.8641975308641975,
      "support": 40.0
    },
    "radial_deformation": {
      "precision": 0.975609756097561,
      "recall": 1.0,
      "f1-score": 0.9876543209876543,
      "support": 40.0
    },
    "winding_short_circuit": {
      "precision": 1.0,
      "recall": 0.975,
      "f1-score": 0.9873417721518988,
      "support": 40.0
    },
    "accuracy": 0.9796875,
    "macro avg": {
      "precision": 0.9569384855559663,
      "recall": 0.9535714285714285,
      "f1-score": 0.9551494929108355,
      "support": 640.0
    },
    "weighted avg": {
      "precision": 0.9797578442885906,
      "recall": 0.9796875,
      "f1-score": 0.9796756559574792,
      "support": 640.0
    }
  },
  "top_features": {
    "band_low_mean": 0.13406440615653992,
    "stat_energy": 0.0778941810131073,
    "res_peak_4_freq_hz": 0.06763433665037155,
    "band_high_mean": 0.06275682896375656,
    "res_peak_3_freq_hz": 0.05906805023550987,
    "stat_mean": 0.05280980467796326,
    "band_high_std": 0.047230880707502365,
    "res_peak_0_mag_db": 0.03701487556099892,
    "res_peak_3_mag_db": 0.03562971577048302,
    "band_high_energy": 0.03548208251595497,
    "band_low_energy": 0.03266844153404236,
    "res_total_peaks": 0.03094104304909706,
    "res_peak_1_freq_hz": 0.02814352884888649,
    "res_peak_0_freq_hz": 0.02451854757964611,
    "phase_mag_correlation": 0.023484881967306137
  },
  "n_train_samples": 2560,
  "n_test_samples": 640,
  "n_features": 49
}